{
  "numIterations": 1000,
  "agentFile": "com.samvbeckmann.parity.BasicAgent",
  "population": {
    "topography":
    [
      [1, 1, 1, 1],
      [1, 1, 1, 1],
      [2, 4, 0, 2],
      [0, 3, 2, 1]
    ],
    "maxTravelDistance": 1
  },
  "communities":
  [
    [
      [0.3, 0.3, 0.3, 0.3],
      [0.3, 0.3, 0.3, 0.3],
      [0.3, 0.3, 0.3, 0.3],
      [0.3, 0.3, 0.3, 0.3]
    ],
    [
      [0.685237837922, 0.122475530872, 0.625542035404, 0.795204620082],
      [0.673492404661, 0.552123703204, 0.0687439396917, 0.388267865241],
      [0.370166226345, 0.660060013705, 0.416367452619, 0.194122775677],
      [0.420964673965, 0.160260470806, 0.29602997802, 0.526053682807]
    ],
    [
      [0.228532150375, 0.122160816915, 0.419654344106, 0.186796327672],
      [0.72206227348, 0.751962788957, 0.438624774373, 0.197379204696],
      [0.35917708685, 0.452904757157, 0.468424058124, 0.799090769282],
      [0.600094751105, 0.572057113948, 0.39254892288, 0.627527705278]
    ],
    [
      [0.30922210451, 0.558196569752, 0.403427812177, 0.555745179576],
      [0.0001544558715, 0.600918976282, 0.0924508162529, 0.205271894492],
      [0.315016351531, 0.0815997145907, 0.536762854211, 0.223157162338],
      [0.514814366782, 0.626106319023, 0.593227567351, 0.170292925603]
    ],
    [
      [0.276920667384, 0.268239852529, 0.657702216437, 0.093660808425],
      [0.477675312263, 0.0336903039003, 0.0129962953195, 0.0543757788878],
      [0.0292177946211, 0.183879328025, 0.31247131559, 0.585586381334],
      [0.25438441262, 0.67138910559, 0.19893282347, 0.139716485989]
    ],
    [
      [0.587444594694, 0.119002232893, 0.755956883778, 0.488183361656],
      [0.234460814949, 0.349179016939, 0.443751073674, 0.108972496901],
      [0.125815435187, 0.750954046079, 0.00181407522595, 0.2626695352],
      [0.462830226188, 0.548446899774, 0.459578653528, 0.101812963535]
    ],
    [
      [0.0, 0.0, 0.0, 0.0],
      [0.0, 0.0, 0.0, 0.0],
      [0.0, 0.0, 0.0, 0.0],
      [0.0, 0.0, 0.0, 0.0]
    ],
    [
      [0.146065526297, 0.623215837924, 0.700732116769, 0.477204767818],
      [0.391637841829, 0.454341119537, 0.0694137285782, 0.218060112775],
      [0.0168104906617, 0.381771156811, 0.560109569644, 0.549218921548],
      [0.540551356476, 0.493638790727, 0.307824766315, 0.159789148963]
    ],
    [
      [0.247362946709, 0.273901963371, 0.529058286907, 0.233480322808],
      [0.157770210928, 0.179293342824, 0.0212985517259, 0.593901658405],
      [0.185911767158, 0.320339074405, 0.291887446546, 0.00233364192572],
      [0.76253469174, 0.486958175902, 0.505606863941, 0.0981437816953]
    ],
    [
      [0.99995, 0.99995, 0.99995, 0.99995],
      [0.99995, 0.99995, 0.99995, 0.99995],
      [0.99995, 0.99995, 0.99995, 0.99995],
      [0.99995, 0.99995, 0.99995, 0.99995]
    ],
    [
      [0.365365166701, 0.454623167361, 0.365544361317, 0.169859709052],
      [0.22657917406, 0.516414141304, 0.159619407807, 0.625670694262],
      [0.793025225692, 0.235891344061, 0.622280145888, 0.0569727967819],
      [0.582850765804, 0.428660445499, 0.0466430783494, 0.626005955332]
    ],
    [
      [0.543400271976, 0.0217702025222, 0.645802516334, 0.304856184698],
      [0.389196789712, 0.671434535723, 0.236101140059, 0.193841569068],
      [0.360558532829, 0.308349760521, 0.040981643878, 0.654060725023],
      [0.108688913104, 0.192120722147, 0.346982237989, 0.058378890588]
    ],
    [
      [0.552948241107, 0.124510371836, 0.790443643127, 0.471410214978],
      [0.77287452549, 0.438422143928, 0.199202551617, 0.602870977991],
      [0.0341698513361, 0.468487185257, 0.269754234352, 0.0845259494019],
      [0.159642123302, 0.288948199899, 0.534565330422, 0.126343791369]
    ],
    [
      [0.652423816149, 0.324905973492, 0.348828561047, 0.721421175373],
      [0.417246078108, 0.501679192523, 0.346482525305, 0.244698328791],
      [0.26725577445, 0.302858529334, 0.0880668161887, 0.305169304921],
      [0.214491696389, 0.219508881097, 0.679993561671, 0.14994472247]
    ]
  ]
}